CREATE TABLE IF NOT EXISTS `club_posts` (
  `id` CHAR(13) CHARACTER SET utf8mb3 COLLATE utf8mb3_general_ci NOT NULL,
  `team_id` CHAR(13) CHARACTER SET utf8mb3 COLLATE utf8mb3_general_ci NOT NULL,
  `user_id` CHAR(13) CHARACTER SET utf8mb3 COLLATE utf8mb3_general_ci NOT NULL,
  `title` VARCHAR(80) CHARACTER SET utf8mb3 COLLATE utf8mb3_general_ci NOT NULL,
  `content` VARCHAR(2000) CHARACTER SET utf8mb3 COLLATE utf8mb3_general_ci NOT NULL,
  `pinned` TINYINT(1) NOT NULL DEFAULT 0,
  `create_time` CHAR(19) CHARACTER SET utf8mb3 COLLATE utf8mb3_general_ci NOT NULL,
  PRIMARY KEY (`id`),
  KEY `idx_club_posts_team_time` (`team_id`, `create_time`),
  CONSTRAINT `club_posts_ibfk_1` FOREIGN KEY (`team_id`) REFERENCES `teams` (`id`) ON DELETE CASCADE ON UPDATE RESTRICT,
  CONSTRAINT `club_posts_ibfk_2` FOREIGN KEY (`user_id`) REFERENCES `users` (`id`) ON DELETE CASCADE ON UPDATE RESTRICT
) ENGINE=InnoDB DEFAULT CHARSET=utf8mb3 COLLATE=utf8mb3_general_ci;

CREATE TABLE IF NOT EXISTS `club_messages` (
  `id` CHAR(13) CHARACTER SET utf8mb3 COLLATE utf8mb3_general_ci NOT NULL,
  `team_id` CHAR(13) CHARACTER SET utf8mb3 COLLATE utf8mb3_general_ci NOT NULL,
  `user_id` CHAR(13) CHARACTER SET utf8mb3 COLLATE utf8mb3_general_ci NOT NULL,
  `content` VARCHAR(500) CHARACTER SET utf8mb3 COLLATE utf8mb3_general_ci NOT NULL,
  `create_time` CHAR(19) CHARACTER SET utf8mb3 COLLATE utf8mb3_general_ci NOT NULL,
  PRIMARY KEY (`id`),
  KEY `idx_club_messages_team_time` (`team_id`, `create_time`),
  CONSTRAINT `club_messages_ibfk_1` FOREIGN KEY (`team_id`) REFERENCES `teams` (`id`) ON DELETE CASCADE ON UPDATE RESTRICT,
  CONSTRAINT `club_messages_ibfk_2` FOREIGN KEY (`user_id`) REFERENCES `users` (`id`) ON DELETE CASCADE ON UPDATE RESTRICT
) ENGINE=InnoDB DEFAULT CHARSET=utf8mb3 COLLATE=utf8mb3_general_ci;

SET FOREIGN_KEY_CHECKS = 0;

DELETE FROM `club_messages`;
DELETE FROM `club_posts`;
DELETE FROM `active_logs`;
DELETE FROM `apply_logs`;
DELETE FROM `members`;
DELETE FROM `activities`;
DELETE FROM `notices`;
DELETE FROM `teams`;
DELETE FROM `team_types`;
DELETE FROM `users`;

INSERT INTO `users` (`id`, `user_name`, `pass_word`, `name`, `gender`, `age`, `phone`, `address`, `status`, `create_time`, `type`) VALUES
('1760000000001', 'superadmin', '123456', '平台管理员', '男', 32, '13800000001', '行政楼数据中心', 1, '2026-03-01 09:00:00', 0),
('1760000000002', 'teacher_lin', '123456', '林知远', '男', 41, '13800000002', '工程训练中心', 1, '2026-03-01 09:10:00', 3),
('1760000000003', 'teacher_qin', '123456', '秦若岚', '女', 38, '13800000003', '人文楼 A203', 1, '2026-03-01 09:20:00', 3),
('1760000000004', 'admin_media', '123456', '许一鸣', '男', 24, '13800000004', '学生活动中心 309', 1, '2026-03-01 09:30:00', 1),
('1760000000005', 'admin_debate', '123456', '周恬', '女', 25, '13800000005', '公共教学楼 518', 1, '2026-03-01 09:40:00', 1),
('1760000000006', 'student_chen', '123456', '陈以宁', '女', 20, '13800000006', '竹园 8 栋 416', 1, '2026-03-01 10:00:00', 2),
('1760000000007', 'student_song', '123456', '宋嘉树', '男', 21, '13800000007', '梅园 3 栋 205', 1, '2026-03-01 10:10:00', 2),
('1760000000008', 'student_he', '123456', '何舒然', '女', 19, '13800000008', '兰园 6 栋 511', 1, '2026-03-01 10:20:00', 2),
('1760000000009', 'student_gu', '123456', '顾行舟', '男', 22, '13800000009', '松园 2 栋 122', 1, '2026-03-01 10:30:00', 2),
('1760000000010', 'student_tao', '123456', '陶雨桐', '女', 20, '13800000010', '桂园 5 栋 314', 1, '2026-03-01 10:40:00', 2),
('1760000000011', 'student_lin', '123456', '林墨', '男', 21, '13800000011', '菊园 1 栋 211', 1, '2026-03-01 10:50:00', 2),
('1760000000012', 'student_xia', '123456', '夏南星', '女', 20, '13800000012', '荷园 7 栋 423', 1, '2026-03-01 11:00:00', 2);

INSERT INTO `team_types` (`id`, `name`, `create_time`) VALUES
('1760000000101', '科技创新', '2026-03-01 12:00:00'),
('1760000000102', '文化表达', '2026-03-01 12:00:00'),
('1760000000103', '公益实践', '2026-03-01 12:00:00'),
('1760000000104', '影像艺术', '2026-03-01 12:00:00'),
('1760000000105', '音乐创作', '2026-03-01 12:00:00');

INSERT INTO `teams` (`id`, `name`, `create_time`, `total`, `manager`, `type_id`) VALUES
('1760000001001', '星火机器人社', '2025-09-18', 4, '1760000000002', '1760000000101'),
('1760000001002', '山野影像社', '2025-10-08', 4, '1760000000004', '1760000000104'),
('1760000001003', '公共表达与辩论社', '2025-09-26', 4, '1760000000005', '1760000000102'),
('1760000001004', '城市公益行动社', '2025-11-05', 4, '1760000000003', '1760000000103'),
('1760000001005', '独立音乐实验室', '2025-10-21', 3, '1760000000002', '1760000000105');

INSERT INTO `members` (`id`, `create_time`, `team_id`, `user_id`) VALUES
('1760000002001', '2025-09-18 18:00:00', '1760000001001', '1760000000002'),
('1760000002002', '2025-09-20 18:10:00', '1760000001001', '1760000000006'),
('1760000002003', '2025-09-23 19:20:00', '1760000001001', '1760000000007'),
('1760000002004', '2025-10-02 20:15:00', '1760000001001', '1760000000011'),
('1760000002005', '2025-10-08 18:30:00', '1760000001002', '1760000000004'),
('1760000002006', '2025-10-09 19:40:00', '1760000001002', '1760000000008'),
('1760000002007', '2025-10-12 20:10:00', '1760000001002', '1760000000010'),
('1760000002008', '2025-10-15 20:50:00', '1760000001002', '1760000000012'),
('1760000002009', '2025-09-26 17:00:00', '1760000001003', '1760000000005'),
('1760000002010', '2025-09-27 18:00:00', '1760000001003', '1760000000007'),
('1760000002011', '2025-10-01 19:30:00', '1760000001003', '1760000000009'),
('1760000002012', '2025-10-03 19:45:00', '1760000001003', '1760000000012'),
('1760000002013', '2025-11-05 18:00:00', '1760000001004', '1760000000003'),
('1760000002014', '2025-11-06 18:20:00', '1760000001004', '1760000000006'),
('1760000002015', '2025-11-08 18:30:00', '1760000001004', '1760000000008'),
('1760000002016', '2025-11-10 19:10:00', '1760000001004', '1760000000010'),
('1760000002017', '2025-10-21 18:00:00', '1760000001005', '1760000000002'),
('1760000002018', '2025-10-22 18:20:00', '1760000001005', '1760000000009'),
('1760000002019', '2025-10-25 18:50:00', '1760000001005', '1760000000011');

INSERT INTO `activities` (`id`, `name`, `comm`, `detail`, `ask`, `total`, `active_time`, `team_id`) VALUES
('1760000003001', '机器人夜航调试营', '围绕自主巡线小车进行夜间调试和分组竞速。', '活动安排包括传感器校准、路径识别优化和最终计时挑战，适合准备参加科技节展示的成员。', '建议自带笔记本电脑和 Type-C 数据线。', 2, '2026-04-18 19:00:00', '1760000001001'),
('1760000003002', '老校区纪实拍摄', '走进老校区做一组纪实摄影作品。', '由骨干带队完成选题、拍摄和现场点评，当晚统一整理素材并做初步调色。', '需要可拍 RAW 的相机或高像素手机。', 3, '2026-04-20 16:00:00', '1760000001002'),
('1760000003003', '城市议题公开练习', '围绕校园开放议题做一场公开辩论练习。', '包含立论训练、攻防演练和现场投票，适合作为新成员第一次正式上场前的磨合。', '报名后需提前阅读主办方发出的资料包。', 2, '2026-04-22 18:30:00', '1760000001003'),
('1760000003004', '旧衣改造公益工坊', '把回收衣物改造成义卖小物件。', '社团会联合街道志愿组织完成分类、设计和打包，所得将用于社区儿童阅读角。', '建议穿方便活动的衣服。', 2, '2026-04-24 14:00:00', '1760000001004'),
('1760000003005', '乐队 Demo 共创夜', '围绕春季原创专场打磨三首新歌 Demo。', '现场拆分编曲、录音和和声三个小组，并集中试听每轮版本。', '会乐器请在报名时备注方向。', 1, '2026-04-26 19:30:00', '1760000001005'),
('1760000003006', '机械臂快闪展示', '在综合楼中庭进行机器人互动展示。', '展示内容包括视觉追踪、机械臂写字和互动抓取，用于社团开放周预热。', '无需额外准备，可直接围观或协助讲解。', 1, '2026-05-07 12:20:00', '1760000001001'),
('1760000003007', '山地徒步短片复盘', '对周末徒步素材做一轮剪辑复盘。', '统一讲解剪辑结构、音乐点和字幕节奏，帮助新成员快速上手短片剪辑。', '请提前把素材导入本地硬盘。', 0, '2026-05-09 18:45:00', '1760000001002'),
('1760000003008', '社区讲故事开放麦', '为社区亲子阅读日准备一场开放麦活动。', '包含主持串场、控场练习和互动提问演练，现场会挑选六位同学轮流上台。', '欢迎第一次上台，活动前有陪练。', 1, '2026-05-11 15:00:00', '1760000001003');

INSERT INTO `active_logs` (`id`, `create_time`, `active_id`, `user_id`) VALUES
('1760000004001', '2026-04-10 20:00:00', '1760000003001', '1760000000002'),
('1760000004002', '2026-04-11 09:30:00', '1760000003001', '1760000000006'),
('1760000004003', '2026-04-12 13:00:00', '1760000003002', '1760000000004'),
('1760000004004', '2026-04-12 13:20:00', '1760000003002', '1760000000008'),
('1760000004005', '2026-04-12 15:00:00', '1760000003002', '1760000000010'),
('1760000004006', '2026-04-12 18:00:00', '1760000003003', '1760000000005'),
('1760000004007', '2026-04-12 18:10:00', '1760000003003', '1760000000009'),
('1760000004008', '2026-04-12 18:30:00', '1760000003004', '1760000000003'),
('1760000004009', '2026-04-12 19:00:00', '1760000003004', '1760000000010'),
('1760000004010', '2026-04-12 19:10:00', '1760000003005', '1760000000002'),
('1760000004011', '2026-04-12 19:20:00', '1760000003006', '1760000000011'),
('1760000004012', '2026-04-12 19:30:00', '1760000003008', '1760000000012');

INSERT INTO `apply_logs` (`id`, `status`, `create_time`, `team_id`, `user_id`) VALUES
('1760000005001', 0, '2026-04-12 21:10:00', '1760000001004', '1760000000007'),
('1760000005002', 0, '2026-04-12 21:25:00', '1760000001005', '1760000000008'),
('1760000005003', 1, '2026-04-10 11:40:00', '1760000001002', '1760000000006');

INSERT INTO `notices` (`id`, `title`, `detail`, `create_time`, `team_id`) VALUES
('1760000006001', '开放周排期确认', '开放周活动统一在平台预约，请各社团在 4 月 18 日前确认展示时段。', '2026-04-12', NULL),
('1760000006002', '实验室值班安排', '本周三至周日开放实验室夜间值班，报名调试营成员优先。', '2026-04-11', '1760000001001'),
('1760000006003', '采风名单确认', '参与老校区纪实拍摄的同学请在周日晚前上传器材清单。', '2026-04-12', '1760000001002'),
('1760000006004', '辩论资料包已发', '本周议题背景资料已上传群文件，首次参与成员请先阅读前两部分。', '2026-04-12', '1760000001003'),
('1760000006005', '志愿时长登记', '公益工坊结束后统一登记志愿时长，需要证明的同学请提前提交学号。', '2026-04-10', '1760000001004'),
('1760000006006', '排练室预约规则', '本周起排练室使用需在平台登记，避免多支乐队时间冲突。', '2026-04-09', '1760000001005');

INSERT INTO `club_posts` (`id`, `team_id`, `user_id`, `title`, `content`, `pinned`, `create_time`) VALUES
('1760000007001', '1760000001001', '1760000000002', '夜航调试营分工表', '结构组今晚 19:00 前完成底盘加固，控制组复测 PID 参数，视觉组把识别阈值整理成文档发到空间。', 1, '2026-04-12 18:10:00'),
('1760000007002', '1760000001001', '1760000000006', '赛道识别建议', '东侧弯道在强光下识别稳定性不够，建议准备一版高对比胶带方案，明晚到实验室一起测。', 0, '2026-04-12 20:16:00'),
('1760000007003', '1760000001002', '1760000000004', '老校区路线更新', '考虑到下午逆光，拍摄顺序调整为图书馆南墙、钟楼、礼堂，最后两站放在 golden hour。', 1, '2026-04-12 16:00:00'),
('1760000007004', '1760000001002', '1760000000010', '纪实风格参考', '我整理了三组参考图：冷静纪实、校园杂志和电影感，今晚会再补一份链接说明。', 0, '2026-04-12 21:08:00'),
('1760000007005', '1760000001003', '1760000000005', '公开练习主持稿', '主持稿第一版已经放出，明天中午前大家把开场自我介绍再顺一遍，减少临场卡顿。', 1, '2026-04-12 17:35:00'),
('1760000007006', '1760000001004', '1760000000003', '公益工坊物料分配', '针线包、热熔胶和标签贴我会统一带到现场，负责缝制和包装的同学请在评论里认领工位。', 1, '2026-04-12 14:20:00'),
('1760000007007', '1760000001005', '1760000000002', 'Demo 夜主题方向', '先锁定夜跑、失眠城市、春天重启三个主题，明晚到场成员优先现场投票决定主线。', 1, '2026-04-12 19:40:00');

INSERT INTO `club_messages` (`id`, `team_id`, `user_id`, `content`, `create_time`) VALUES
('1760000008001', '1760000001001', '1760000000007', '我把上周的传感器标定表传到空间附件里了，今晚可以直接沿用。', '2026-04-12 20:05:00'),
('1760000008002', '1760000001001', '1760000000011', '明天我能提前半小时到实验室，谁需要我先帮忙搭赛道？', '2026-04-12 20:12:00'),
('1760000008003', '1760000001002', '1760000000008', '我刚踩过点，礼堂西侧那面墙下午五点左右光线最好。', '2026-04-12 20:44:00'),
('1760000008004', '1760000001002', '1760000000012', '我能带一块反光板，如果需要人像辅助可以直接拉我。', '2026-04-12 20:52:00'),
('1760000008005', '1760000001003', '1760000000009', '资料包第三部分我做了批注，等会发帖子里补一版逻辑提纲。', '2026-04-12 21:15:00'),
('1760000008006', '1760000001003', '1760000000012', '第一次打公开练习有点紧张，晚上有人一起过一遍开篇陈词吗？', '2026-04-12 21:18:00'),
('1760000008007', '1760000001004', '1760000000006', '我已经联系好社区那边的签到桌，活动当天 13:20 前可以布置完成。', '2026-04-12 18:22:00'),
('1760000008008', '1760000001005', '1760000000009', '低频线我来带，主唱如果有新旋律草稿记得今晚先发出来。', '2026-04-12 22:03:00');

SET FOREIGN_KEY_CHECKS = 1;
